timestamp,score,ganancia_estimada,porcentaje_bajistas,prediccion_futura,ema,rsi,momentum,spread,rf_spike,lstm_spike,visual_spike,ultima_direccion,accion,monto,multiplicador,exito,Q0,Q1,Q2,Q3,ema_diff
2025-06-10 19:21:59,1.01,48.98,96.67,0.8664,18093.851260130206,0.0,-1.2289999999993595,1.2119999999995343,0.0,0.0,0.0,0.0,1,2.0,200,0,0.0,0.0,0.0,0.0,0.0
2025-06-10 20:11:00,1.01,49.39,96.67,0.8644,18097.057515250606,28.343774709567,18.63999999999941,0.7680000000000291,0.0,0.0,0.0,0.0,0,1.0,100,0,0.0,0.0,0.0,0.0,3.2062551203998737
2025-06-10 20:11:59,1.01,49.01,96.67,0.8568,18095.810700291724,28.86476609318965,-0.9619999999995344,0.9380000000019209,0.0,0.0,0.0,0.0,0,1.0,100,0,0.0,0.0,0.0,0.0,-1.2468149588821689
2025-06-10 20:14:00,1.01,48.71,96.67,0.8672,18095.274128914043,27.928859321854503,-2.1640000000006694,0.4720000000015716,0.0,0.0,0.0,0.0,3,4.0,400,0,0.0,0.0,0.0,0.0,-0.5365713776809571
2025-06-10 20:15:00,1.01,48.25,96.67,0.8656,18093.56020200031,28.429368880211896,-1.0900000000001455,1.0889999999999418,0.0,0.0,0.0,0.0,1,2.0,200,0,0.0,0.0,0.0,0.0,-1.713926913733303
2025-06-10 20:16:00,1.01,48.65,96.67,0.8672,18092.01962282665,28.872366790582547,-1.2709999999970023,1.2510000000002035,0.0,0.0,0.0,0.0,0,1.0,100,0,0.0,0.0,0.0,0.0,-1.5405791736593528
2025-06-10 20:17:00,1.01,48.87,96.67,0.8686,18090.606160735195,29.33492807906599,-1.0620000000017171,1.0600000000013097,0.0,0.0,0.0,0.0,0,1.0,100,0,0.0,0.0,0.0,0.0,-1.413462091455585
2025-06-10 20:17:59,1.01,48.85,96.67,0.8671,18089.299793550003,35.60717492215461,-1.1120000000009895,1.0889999999999418,0.0,0.0,0.0,0.0,2,3.0,300,0,0.0,0.0,0.0,0.0,-1.3063671851923573
2025-06-10 20:19:00,1.01,48.95,96.67,0.8606,18088.07004361612,65.23412892840152,-1.04399999999805,1.028999999998632,0.0,0.0,0.0,0.0,1,2.0,200,0,0.0,0.0,0.0,0.0,-1.2297499338819762
2025-06-10 20:20:00,1.01,48.73,96.67,0.8745,18086.90497134632,0.0,-1.026000000001659,1.011000000002241,0.0,0.0,0.0,0.0,0,1.0,100,0,0.0,0.0,0.0,0.0,-1.165072269799566
2025-06-10 20:21:00,1.19,29.99,100.0,0.8786,18085.76223701696,0.0,-1.1559999999990396,1.1450000000004366,0.0,0.0,0.0,0.0,0,1.0,100,0,0.0,0.0,0.0,0.0,-1.1427343293617014
2025-06-10 20:21:59,1.19,30.16,100.0,0.8798,18084.62002643284,0.0,-1.129000000000815,1.1130000000011933,0.0,0.0,0.0,0.0,2,3.0,300,0,0.0,0.0,0.0,0.0,-1.1422105841193115
2025-06-10 20:23:00,1.19,30.06,100.0,0.8804,18083.498364802148,0.0,-1.0400000000008731,1.0230000000010475,0.0,0.0,0.0,0.0,0,1.0,100,0,0.0,0.0,0.0,0.0,-1.1216616306919605
2025-06-10 20:24:00,1.19,29.93,100.0,0.8805,18082.38951693367,0.0,-1.117999999998574,1.1150000000016007,0.0,0.0,0.0,0.0,0,1.0,100,0,0.0,0.0,0.0,0.0,-1.1088478684796428
2025-06-10 20:25:00,1.19,30.05,100.0,0.8808,18081.28073447625,0.0,-1.1009999999987483,1.0499999999992724,0.0,0.0,0.0,0.0,0,1.0,100,0,0.0,0.0,0.0,0.0,-1.1087824574169645
2025-06-10 20:26:00,1.09,40.68,96.67,0.8561,18082.23707018658,60.9230952239316,10.242999999998574,11.333999999998923,0.0,0.0,0.0,0.0,0,1.0,100,0,0.0,0.0,0.0,0.0,0.956335710328858
2025-06-10 20:27:00,1.03,51.6,93.33,0.8851,18084.19374119928,60.51279021681911,-1.139999999999418,1.1199999999989814,0.0,0.0,0.0,0.0,0,1.0,100,0,0.0,0.0,0.0,0.0,1.9566710127000988
2025-06-10 20:28:00,1.03,51.83,93.33,0.8751,18085.131082951582,60.65612601408952,-1.1160000000018044,1.0910000000003492,0.0,0.0,0.0,0.0,3,4.0,400,0,0.0,0.0,0.0,0.0,0.937341752302018
2025-06-10 20:29:00,1.03,52.57,93.33,0.8721,18085.39836131469,60.87602519909795,-1.0679999999993015,1.0600000000013097,0.0,0.0,0.0,0.0,0,1.0,100,0,0.0,0.0,0.0,0.0,0.2672783631060156
2025-06-10 20:30:00,1.03,53.02,93.33,0.8698,18085.239498070165,61.079308288613774,-0.9840000000003783,0.9510000000009312,0.0,0.0,0.0,0.0,0,1.0,100,0,0.0,0.0,0.0,0.0,-0.1588632445236726
2025-06-10 20:31:00,1.03,52.73,93.33,0.8676,18084.778589617214,60.98112758231594,-1.1449999999967986,1.0999999999985448,0.0,0.0,0.0,0.0,0,1.0,100,0,0.0,0.0,0.0,0.0,-0.4609084529511165
2025-06-10 20:32:00,1.03,52.63,93.33,0.8664,18084.091898834664,60.829027852015095,-1.143000000000029,1.1119999999973516,0.0,0.0,0.0,0.0,0,1.0,100,0,0.0,0.0,0.0,0.0,-0.6866907825497037
2025-06-10 20:33:00,1.03,52.73,93.33,0.8792,18083.250180211635,0.0,-1.1660000000010768,1.1339999999981956,0.0,0.0,0.0,0.0,0,1.0,100,0,0.0,0.0,0.0,0.0,-0.8417186230290099
2025-06-10 20:34:00,1.03,52.81,93.33,0.8827,18082.320352042498,0.0,-1.0610000000015134,1.0580000000009022,0.0,0.0,0.0,0.0,0,1.0,100,0,0.0,0.0,0.0,0.0,-0.9298281691371812
2025-06-10 20:35:00,1.03,52.74,93.33,0.8822,18081.36534310283,0.0,-0.9609999999993306,0.9180000000014844,0.0,0.0,0.0,0.0,0,1.0,100,0,0.0,0.0,0.0,0.0,-0.9550089396689144
2025-06-10 20:36:00,1.03,52.66,93.33,0.8813,18080.371262738256,0.0,-1.1650000000008731,1.157999999999447,0.0,0.0,0.0,0.0,0,1.0,100,0,0.0,0.0,0.0,0.0,-0.9940803645731648
2025-06-10 20:37:00,1.03,52.65,93.33,0.8814,18079.332861833045,0.0,-1.0979999999981374,1.0900000000001455,0.0,0.0,0.0,0.0,3,4.0,400,0,0.0,0.0,0.0,0.0,-1.0384009052104377
2025-06-10 20:38:00,1.03,52.71,93.33,0.8812,18078.27166783865,0.0,-1.1150000000016007,1.1080000000001746,0.0,0.0,0.0,0.0,0,1.0,100,0,0.0,0.0,0.0,0.0,-1.0611939943955804
2025-06-10 20:38:59,1.03,52.75,93.33,0.8811,18077.19595946223,0.0,-1.0969999999979336,1.0669999999990978,0.0,0.0,0.0,0.0,0,1.0,100,0,0.0,0.0,0.0,0.0,-1.0757083764183335
2025-06-10 20:39:59,1.03,52.57,93.33,0.8812,18076.14448525984,0.0,-0.9250000000029104,0.919000000001688,0.0,0.0,0.0,0.0,2,3.0,300,0,0.0,0.0,0.0,0.0,-1.051474202391546
2025-06-10 20:41:00,1.09,42.24,96.67,0.8806,18075.09518434749,0.0,-1.143000000000029,1.1300000000010186,0.0,0.0,0.0,0.0,2,3.0,300,0,0.0,0.0,0.0,0.0,-1.0493009123492811
2025-06-10 20:42:00,1.2,32.09,100.0,0.8806,18074.00345398468,0.0,-1.205999999998312,1.1749999999992724,0.0,0.0,0.0,0.0,0,1.0,100,0,0.0,0.0,0.0,0.0,-1.0917303628120862
2025-06-10 20:43:00,1.2,32.12,100.0,0.8808,18072.897221262472,0.0,-1.0780000000013388,1.070999999999913,0.0,0.0,0.0,0.0,0,1.0,100,0,0.0,0.0,0.0,0.0,-1.1062327222061867
2025-06-10 20:43:59,1.2,31.98,100.0,0.8808,18071.82377621699,0.0,-0.948999999996886,0.9419999999990978,0.0,0.0,0.0,0.0,3,4.0,400,0,0.0,0.0,0.0,0.0,-1.0734450454838225
2025-06-10 20:44:59,1.2,32.01,100.0,0.8804,18070.76347002948,0.0,-1.103000000002794,1.092000000000553,0.0,0.0,0.0,0.0,0,1.0,100,0,0.0,0.0,0.0,0.0,-1.060306187508104
2025-06-10 20:46:00,1.2,32.15,100.0,0.8805,18069.68559563948,0.0,-1.1219999999993888,1.1009999999987483,0.0,0.0,0.0,0.0,2,3.0,300,0,0.0,0.0,0.0,0.0,-1.077874390000943
2025-06-10 20:47:00,1.2,32.22,100.0,0.8803,18068.577134270992,0.0,-1.2099999999991269,1.1820000000006985,0.0,0.0,0.0,0.0,0,1.0,100,0,0.0,0.0,0.0,0.0,-1.108461368487042
2025-06-10 20:48:00,1.2,32.22,100.0,0.8805,18067.4614700491,0.0,-1.0649999999986903,1.0649999999986903,0.0,0.0,0.0,0.0,0,1.0,100,0,0.0,0.0,0.0,0.0,-1.1156642218920751
2025-06-10 20:49:00,1.2,32.17,100.0,0.8802,18066.35891796668,0.0,-1.0850000000027649,1.0780000000013388,0.0,0.0,0.0,0.0,0,1.0,100,0,0.0,0.0,0.0,0.0,-1.102552082418697
2025-06-10 20:50:00,1.2,32.51,100.0,0.88,18065.228350043926,0.0,-1.2710000000006405,1.2360000000007858,0.0,0.0,0.0,0.0,0,1.0,100,0,0.0,0.0,0.0,0.0,-1.13056792275529
2025-06-10 20:51:00,1.2,32.72,100.0,0.8802,18064.088994657428,0.0,-1.0639999999984866,1.054000000000087,0.0,0.0,0.0,0.0,0,1.0,100,0,0.0,0.0,0.0,0.0,-1.1393553864982096
2025-06-10 20:52:00,1.2,32.57,100.0,0.88,18062.978186506145,0.0,-1.044000000001688,1.0360000000000582,0.0,0.0,0.0,0.0,0,1.0,100,0,0.0,0.0,0.0,0.0,-1.1108081512829813
2025-06-10 20:53:00,1.2,32.3,100.0,0.88,18061.915100058515,0.0,-0.9029999999984284,0.8930000000000291,0.0,0.0,0.0,0.0,0,1.0,100,0,0.0,0.0,0.0,0.0,-1.0630864476297577
2025-06-10 20:54:00,1.2,31.94,100.0,0.8797,18060.899116568024,0.0,-0.9350000000013096,0.9240000000027068,0.0,0.0,0.0,0.0,3,4.0,400,0,0.0,0.0,0.0,0.0,-1.0159834904916352
2025-06-10 20:55:00,1.19,32.2,100.0,0.8791,18059.839359024805,0.0,-1.3229999999966822,1.3219999999964784,0.0,0.0,0.0,0.0,2,3.0,300,0,0.0,0.0,0.0,0.0,-1.0597575432184383
2025-06-10 20:56:00,1.19,32.58,100.0,0.8797,18058.728215546773,0.0,-1.1270000000004077,1.1080000000001746,0.0,0.0,0.0,0.0,0,1.0,100,0,0.0,0.0,0.0,0.0,-1.111143478032318
2025-06-10 20:57:00,1.19,32.34,100.0,0.8796,18057.63873933289,0.0,-0.9790000000029976,0.95600000000195,0.0,0.0,0.0,0.0,0,1.0,100,0,0.0,0.0,0.0,0.0,-1.0894762138814258
2025-06-10 20:58:00,1.19,32.25,100.0,0.879,18056.54196599964,0.0,-1.2199999999975262,1.1970000000001164,0.0,0.0,0.0,0.0,0,1.0,100,0,0.0,0.0,0.0,0.0,-1.0967733332508942
2025-06-10 20:59:00,1.19,32.44,100.0,0.8794,18055.437183850925,0.0,-1.0400000000008731,1.007000000001426,0.0,0.0,0.0,0.0,0,1.0,100,0,0.0,0.0,0.0,0.0,-1.104782148715458
2025-06-10 21:00:00,1.19,32.46,100.0,0.879,18054.350726379475,0.0,-1.0570000000006985,1.048000000002503,0.0,0.0,0.0,0.0,0,1.0,100,0,0.0,0.0,0.0,0.0,-1.086457471450558
2025-06-10 21:01:00,1.19,32.44,100.0,0.8788,18053.25455237032,0.0,-1.1640000000006694,1.129000000000815,0.0,0.0,0.0,0.0,0,1.0,100,0,0.0,0.0,0.0,0.0,-1.09617400915522
2025-06-10 21:02:00,1.19,32.35,100.0,0.8789,18052.15304745444,0.0,-1.069999999999709,1.0610000000015134,0.0,0.0,0.0,0.0,0,1.0,100,0,0.0,0.0,0.0,0.0,-1.10150491587774
2025-06-10 21:03:00,1.19,32.38,100.0,0.8785,18051.03413920497,0.0,-1.2229999999981374,1.212999999999738,0.0,0.0,0.0,0.0,0,1.0,100,0,0.0,0.0,0.0,0.0,-1.1189082494711329
2025-06-10 21:04:00,1.19,32.44,100.0,0.8788,18049.921547732185,0.0,-0.9989999999997964,0.9969999999993888,0.0,0.0,0.0,0.0,0,1.0,100,0,0.0,0.0,0.0,0.0,-1.1125914727854251
2025-06-10 21:05:00,1.19,32.06,100.0,0.8786,18048.85687079655,0.0,-0.9420000000027358,0.9320000000006984,0.0,0.0,0.0,0.0,1,2.0,200,0,0.0,0.0,0.0,0.0,-1.0646769356353616
2025-06-10 21:06:00,1.19,31.71,100.0,0.8783,18047.814202764566,0.0,-1.04399999999805,1.0119999999988067,0.0,0.0,0.0,0.0,3,4.0,400,0,0.0,0.0,0.0,0.0,-1.0426680319833397
2025-06-10 21:07:00,1.19,31.64,100.0,0.8783,18046.77400350348,0.0,-1.0279999999984284,1.0049999999973809,0.0,0.0,0.0,0.0,2,3.0,300,0,0.0,0.0,0.0,0.0,-1.0401992610859452
2025-06-10 21:08:00,1.19,31.8,100.0,0.8781,18045.726564328703,0.0,-1.0900000000001455,1.080999999998312,0.0,0.0,0.0,0.0,0,1.0,100,0,0.0,0.0,0.0,0.0,-1.0474391747775371
2025-06-10 21:09:00,1.19,32.07,100.0,0.8781,18044.67687364145,0.0,-1.0250000000014552,1.0119999999988067,0.0,0.0,0.0,0.0,0,1.0,100,0,0.0,0.0,0.0,0.0,-1.049690687254042
2025-06-10 21:10:00,1.2,31.75,100.0,0.8781,18043.64734516452,0.0,-0.9589999999989232,0.9149999999972352,0.0,0.0,0.0,0.0,0,1.0,100,0,0.0,0.0,0.0,0.0,-1.0295284769272257
2025-06-10 21:11:00,1.2,31.3,100.0,0.8777,18042.61913188692,0.0,-1.0800000000017462,1.0640000000021246,0.0,0.0,0.0,0.0,0,1.0,100,0,0.0,0.0,0.0,0.0,-1.0282132776010258
2025-06-10 21:12:00,1.2,31.44,100.0,0.8776,18041.562162667386,0.0,-1.1440000000002328,1.1350000000020373,0.0,0.0,0.0,0.0,3,4.0,400,0,0.0,0.0,0.0,0.0,-1.056969219534949
2025-06-10 21:13:00,1.2,31.42,100.0,0.8777,18040.50115021585,0.0,-1.0079999999979918,1.0020000000004077,0.0,0.0,0.0,0.0,3,4.0,400,0,0.0,0.0,0.0,0.0,-1.0610124515369534
2025-06-10 21:14:00,1.2,31.28,100.0,0.8775,18039.44620799568,0.0,-1.070999999999913,1.058999999997468,0.0,0.0,0.0,0.0,0,1.0,100,0,0.0,0.0,0.0,0.0,-1.0549422201693233
2025-06-10 21:15:00,1.2,31.35,100.0,0.8774,18038.38141196401,0.0,-1.096000000001368,1.0689999999995052,0.0,0.0,0.0,0.0,1,2.0,200,0,0.0,0.0,0.0,0.0,-1.064796031670994
2025-06-10 21:16:00,1.2,31.32,100.0,0.8773,18037.305936934543,0.0,-1.0980000000017751,1.0790000000015425,0.0,0.0,0.0,0.0,0,1.0,100,0,0.0,0.0,0.0,0.0,-1.0754750294654514
2025-06-10 21:17:00,1.2,31.18,100.0,0.8773,18036.24047017929,0.0,-1.0019999999967697,0.97099999999773,0.0,0.0,0.0,0.0,1,2.0,200,0,0.0,0.0,0.0,0.0,-1.0654667552516912
2025-06-10 21:18:00,1.2,30.82,100.0,0.8771,18035.203984169577,0.0,-0.9580000000023574,0.9400000000023284,0.0,0.0,0.0,0.0,0,1.0,100,0,0.0,0.0,0.0,0.0,-1.036486009714281
2025-06-10 21:19:00,1.2,30.5,100.0,0.877,18034.19453485729,0.0,-0.9519999999974972,0.9499999999970896,0.0,0.0,0.0,0.0,0,1.0,100,0,0.0,0.0,0.0,0.0,-1.0094493122851418
2025-06-10 21:20:00,1.2,30.79,100.0,0.8765,18033.1420770532,0.0,-1.2930000000014843,1.2669999999998254,0.0,0.0,0.0,0.0,2,3.0,300,0,0.0,0.0,0.0,0.0,-1.0524578040931374
2025-06-10 21:21:00,1.2,31.12,100.0,0.877,18032.059555713266,0.0,-1.0210000000006405,1.0090000000018335,0.0,0.0,0.0,0.0,0,1.0,100,0,0.0,0.0,0.0,0.0,-1.0825213399330096
2025-06-10 21:22:00,1.2,31.06,100.0,0.8767,18031.00773564273,0.0,-0.9639999999999418,0.944999999999709,0.0,0.0,0.0,0.0,0,1.0,100,0,0.0,0.0,0.0,0.0,-1.0518200705373602
2025-06-10 21:23:00,1.2,30.85,100.0,0.8766,18029.98912881865,0.0,-0.940999999998894,0.9399999999986904,0.0,0.0,0.0,0.0,2,3.0,300,0,0.0,0.0,0.0,0.0,-1.0186068240764143
2025-06-10 21:24:00,1.2,30.64,100.0,0.8764,18028.99199532485,0.0,-0.9639999999999418,0.9359999999978754,0.0,0.0,0.0,0.0,0,1.0,100,0,0.0,0.0,0.0,0.0,-0.9971334938018116
2025-06-10 21:25:00,1.2,30.75,100.0,0.8762,18027.979451415777,0.0,-1.1090000000003783,1.098999999998341,0.0,0.0,0.0,0.0,0,1.0,100,0,0.0,0.0,0.0,0.0,-1.012543909073429
2025-06-10 21:26:00,1.2,30.88,100.0,0.8763,18026.950839377794,0.0,-1.022000000000844,1.0159999999996217,0.0,0.0,0.0,0.0,0,1.0,100,0,0.0,0.0,0.0,0.0,-1.0286120379823842
2025-06-10 21:27:00,1.2,30.84,100.0,0.876,18025.898776773527,0.0,-1.1630000000004657,1.1450000000004366,0.0,0.0,0.0,0.0,0,1.0,100,0,0.0,0.0,0.0,0.0,-1.052062604267121
2025-06-10 21:28:00,1.2,30.88,100.0,0.8761,18024.83349519547,0.0,-1.0339999999996508,1.026000000001659,0.0,0.0,0.0,0.0,0,1.0,100,0,0.0,0.0,0.0,0.0,-1.065281578055874
2025-06-10 21:29:00,1.2,30.91,100.0,0.8759,18023.76437281677,0.0,-1.1120000000009895,1.070999999999913,0.0,0.0,0.0,0.0,0,1.0,100,0,0.0,0.0,0.0,0.0,-1.0691223786998307
2025-06-10 21:30:00,1.2,30.91,100.0,0.8758,18022.689076017807,0.0,-1.0679999999993015,1.055000000000291,0.0,0.0,0.0,0.0,0,1.0,100,0,0.0,0.0,0.0,0.0,-1.0752967989647004
2025-06-10 21:31:00,1.2,31.03,100.0,0.8755,18021.58891865651,0.0,-1.2180000000007567,1.2110000000029686,0.0,0.0,0.0,0.0,3,4.0,400,0,0.0,0.0,0.0,0.0,-1.1001573612957145
2025-06-10 21:32:00,1.19,31.24,100.0,0.8757,18020.477259596475,0.0,-1.0669999999990978,1.054000000000087,0.0,0.0,0.0,0.0,0,1.0,100,0,0.0,0.0,0.0,0.0,-1.1116590600358904
2025-06-10 21:33:00,1.19,31.6,100.0,0.8753,18019.34872749844,0.0,-1.2409999999981665,1.2099999999991269,0.0,0.0,0.0,0.0,3,4.0,400,0,0.0,0.0,0.0,0.0,-1.1285320980350662
2025-06-10 21:34:00,1.16,33.81,96.67,0.8686,18018.73883411049,21.22487143524497,1.815999999998894,2.8960000000006403,0.0,0.0,0.0,0.0,0,1.0,100,0,0.0,0.0,0.0,0.0,-0.6098933879511605
2025-06-10 21:35:00,1.14,35.69,93.33,0.8726,18018.379070768147,20.7756549593785,-1.2190000000009604,1.1929999999993015,0.0,0.0,0.0,0.0,1,2.0,200,0,0.0,0.0,0.0,0.0,-0.3597633423414663
2025-06-10 21:37:00,1.16,32.73,96.67,0.9052,18019.328060834152,10.771055753257542,-1.885999999998603,0.375,0.0,0.0,0.0,0.0,0,1.0,100,0,0.0,0.0,0.0,0.0,0.948990066004626
2025-06-10 21:38:00,1.16,31.93,96.67,0.9036,18017.796156426164,11.418511066392412,-0.949000000000524,0.9089999999996508,0.0,0.0,0.0,0.0,0,1.0,100,0,0.0,0.0,0.0,0.0,-1.531904407987895
2025-06-10 21:39:00,1.16,31.87,96.67,0.9035,18016.45112950842,12.308526501282644,-0.9809999999997672,0.9619999999995344,0.0,0.0,0.0,0.0,3,4.0,400,0,0.0,0.0,0.0,0.0,-1.34502691774469
2025-06-10 21:40:00,1.16,31.74,96.67,0.9031,18015.202442067617,13.284564740300851,-1.1130000000011933,1.1020000000025902,0.0,0.0,0.0,0.0,0,1.0,100,0,0.0,0.0,0.0,0.0,-1.248687440802314
2025-06-10 21:41:00,1.16,31.9,96.67,0.903,18013.995700888237,14.390997701874896,-1.128999999997177,1.120999999999185,0.0,0.0,0.0,0.0,2,3.0,300,0,0.0,0.0,0.0,0.0,-1.2067411793796057
2025-06-10 21:42:00,1.16,31.9,96.67,0.9031,18012.830841090472,15.96623879021898,-1.0400000000008731,1.032999999999447,0.0,0.0,0.0,0.0,0,1.0,100,0,0.0,0.0,0.0,0.0,-1.16485979776553
2025-06-10 21:43:00,1.16,32.24,96.67,0.904,18011.672166349817,0.0,-1.2330000000001746,1.2099999999991269,0.0,0.0,0.0,0.0,0,1.0,100,0,0.0,0.0,0.0,0.0,-1.1586747406545328
2025-06-10 21:44:00,1.16,32.25,96.67,0.9062,18010.52201218459,0.0,-1.050999999999476,1.0190000000002328,0.0,0.0,0.0,0.0,0,1.0,100,0,0.0,0.0,0.0,0.0,-1.1501541652287417
2025-06-10 21:45:00,1.16,32.45,96.67,0.9062,18009.38299989216,0.0,-1.1700000000018915,1.136000000002241,0.0,0.0,0.0,0.0,1,2.0,200,0,0.0,0.0,0.0,0.0,-1.1390122924276511
2025-06-10 21:46:00,1.16,32.69,96.67,0.9068,18008.269016456732,0.0,-0.9759999999987484,0.9749999999985448,0.0,0.0,0.0,0.0,0,1.0,100,0,0.0,0.0,0.0,0.0,-1.1139834354289633
2025-06-10 21:47:00,1.16,32.57,96.67,0.9067,18007.186647380124,0.0,-1.0529999999998836,1.0279999999984284,0.0,0.0,0.0,0.0,0,1.0,100,0,0.0,0.0,0.0,0.0,-1.0823690766083018
2025-06-10 21:48:00,1.16,32.39,96.67,0.907,18006.12998708917,0.0,-0.9650000000001456,0.955999999998312,0.0,0.0,0.0,0.0,0,1.0,100,0,0.0,0.0,0.0,0.0,-1.0566602909530047
2025-06-10 21:49:00,1.1,38.98,93.33,0.8908,18006.502354993576,51.06253794777947,6.727999999999156,7.760000000002037,0.0,0.0,0.0,0.0,0,1.0,100,0,0.0,0.0,0.0,0.0,0.3723679044051096
2025-06-10 21:50:00,1.05,45.51,90.0,0.903,18007.556121937847,51.66244336942713,-1.0799999999981085,1.04399999999805,0.0,0.0,0.0,0.0,3,4.0,400,0,0.0,0.0,0.0,0.0,1.053766944271047
2025-06-10 21:51:00,1.07,43.47,93.33,0.899,18007.913420470788,51.74190571405706,-1.0310000000026776,1.0169999999998254,0.0,0.0,0.0,0.0,0,1.0,100,0,0.0,0.0,0.0,0.0,0.3572985329410585
2025-06-10 21:52:00,1.07,44.11,93.33,0.8981,18007.779959158128,51.59904900683095,-1.205999999998312,1.1919999999990978,0.0,0.0,0.0,0.0,1,2.0,200,0,0.0,0.0,0.0,0.0,-0.1334613126600743
2025-06-10 21:53:00,0.91,69.48,90.0,0.8487,18011.917575965355,85.30222050801892,24.235000000000586,25.459999999999127,0.0,0.0,0.0,0.0,0,1.0,100,0,0.0,0.0,0.0,0.0,4.13761680722746
2025-06-10 22:18:00,0.91,62.81,90.0,0.9103,18008.89857020099,45.546549771259386,-1.0410000000010768,1.0309999999990396,0.0,0.0,0.0,0.0,0,1.0,100,0,0.0,0.0,0.0,0.0,-3.0190057643667387
2025-06-10 22:19:00,0.91,62.47,90.0,0.91,18007.110894101486,46.53990680895879,-0.8329999999987194,0.7899999999972351,0.0,0.0,0.0,0.0,3,4.0,400,0,0.0,0.0,0.0,0.0,-1.7876760995022778
2025-06-10 22:55:02,0.91,62.07,90.0,0.8999,17998.949758849576,29.293282876063884,-34.39500000000044,0.294000000001688,0.0,0.0,0.0,0.0,0,1.0,100,1,1.0,0.0,0.0,0.0,-8.16113525191031
2025-06-10 22:56:00,0.91,61.25,90.0,0.8997,17987.19954104806,29.61917789873409,-0.9830000000001746,0.9819999999999708,0.0,0.0,0.0,0.0,0,1.0,100,0,0.0,0.0,0.0,0.0,-11.750217801516555
2025-06-10 22:57:00,0.91,60.93,90.0,0.8993,17979.008370453656,29.91478590199364,-0.985000000000582,0.9700000000011642,0.0,0.0,0.0,0.0,1,2.0,200,0,0.0,0.0,0.0,0.0,-8.191170594403957
2025-06-10 22:58:00,0.91,60.75,90.0,0.8997,17973.17376865079,25.03046828200165,-1.1260000000002035,1.1059999999997672,0.0,0.0,0.0,0.0,2,3.0,300,0,0.0,0.0,0.0,0.0,-5.834601802864199
2025-06-10 22:59:00,0.93,58.89,93.33,0.8996,17968.890456700115,25.31334865260098,-1.1549999999988358,1.129000000000815,0.0,0.0,0.0,0.0,0,1.0,100,0,0.0,0.0,0.0,0.0,-4.283311950675852
2025-06-10 23:00:00,0.93,59.66,93.33,0.9045,17965.680752005857,0.0,-0.9380000000019209,0.9220000000022992,0.0,0.0,0.0,0.0,0,1.0,100,0,0.0,0.0,0.0,0.0,-3.209704694258108
2025-06-10 23:01:00,0.93,59.56,93.33,0.9044,17963.201296797306,0.0,-1.05199999999968,1.0410000000010768,0.0,0.0,0.0,0.0,3,4.0,400,0,0.0,0.0,0.0,0.0,-2.4794552085513715
2025-06-10 23:02:00,0.93,59.62,93.33,0.9043,17961.168273062656,0.0,-1.1919999999990978,1.173999999999069,0.0,0.0,0.0,0.0,0,1.0,100,0,0.0,0.0,0.0,0.0,-2.03302373464976
2025-06-10 23:03:00,0.93,59.55,93.33,0.9046,17959.448546430373,0.0,-0.9979999999995924,0.9819999999999708,0.0,0.0,0.0,0.0,3,4.0,400,0,0.0,0.0,0.0,0.0,-1.7197266322837097
2025-06-10 23:04:00,0.93,59.43,93.33,0.9045,17957.964316205453,0.0,-1.014999999999418,1.014999999999418,0.0,0.0,0.0,0.0,3,4.0,400,0,0.0,0.0,0.0,0.0,-1.4842302249198838
2025-06-10 23:05:00,0.93,59.54,93.33,0.9045,17956.621930682984,0.0,-1.087999999999738,1.0779999999977008,0.0,0.0,0.0,0.0,0,1.0,100,0,0.0,0.0,0.0,0.0,-1.3423855224682484
2025-06-10 23:06:00,0.96,52.89,96.67,0.9045,17955.360912275384,0.0,-1.102999999999156,1.070999999999913,0.0,0.0,0.0,0.0,3,4.0,400,0,0.0,0.0,0.0,0.0,-1.2610184076002042
2025-06-10 23:07:00,0.96,52.99,96.67,0.9043,17954.12522226699,0.0,-1.2510000000002035,1.2469999999993888,0.0,0.0,0.0,0.0,3,4.0,400,0,0.0,0.0,0.0,0.0,-1.2356900083941582
2025-06-10 23:08:00,1.19,29.49,100.0,0.9045,17952.928107467986,0.0,-1.011000000002241,1.0100000000020373,0.0,0.0,0.0,0.0,0,1.0,100,0,0.0,0.0,0.0,0.0,-1.1971147990043391
2025-06-10 23:09:00,1.19,29.72,100.0,0.9044,17951.785427313276,0.0,-1.0499999999992724,1.0390000000006694,0.0,0.0,0.0,0.0,0,1.0,100,0,0.0,0.0,0.0,0.0,-1.1426801547095238
2025-06-10 23:10:00,1.19,31.0,100.0,0.9042,17950.64847613533,0.0,-1.1869999999980791,1.1749999999992724,0.0,0.0,0.0,0.0,0,1.0,100,0,0.0,0.0,0.0,0.0,-1.1369511779448658
2025-06-10 23:11:00,1.2,31.7,100.0,0.9047,17949.5644344377,0.0,-0.805000000000291,0.797999999998865,0.0,0.0,0.0,0.0,0,1.0,100,0,0.0,0.0,0.0,0.0,-1.0840416976316192
2025-06-11 08:41:03,0.93,58.92,93.33,0.9224,17957.622892066567,73.11960984706029,40.78099999999904,0.2109999999993306,0.0,0.0,0.0,0.0,3,4.0,400,1,0.0,0.0,0.0,1.0,8.058457628867473
2025-06-11 08:42:01,0.93,58.17,93.33,0.9112,17966.64601865613,74.39616170461647,-1.032999999999447,1.0269999999982249,0.0,0.0,0.0,0.0,3,4.0,400,0,0.0,0.0,0.0,0.0,9.023126589563615
2025-06-11 08:44:01,0.96,51.41,96.67,0.9068,17975.766222416696,77.40386440420735,-1.0030000000006112,0.9680000000007568,0.0,0.0,0.0,0.0,1,2.0,200,0,0.0,0.0,0.0,0.0,9.120203760565346
2025-06-11 08:46:01,1.19,28.23,100.0,0.8876,17978.62665154538,80.72088834346403,-1.0269999999982249,0.992999999998574,0.0,0.0,0.0,0.0,1,2.0,200,0,0.0,0.0,0.0,0.0,2.860429128682881
2025-06-11 08:49:01,1.19,29.71,100.0,0.9039,17978.1846640945,0.0,-0.8649999999979627,0.8469999999979336,0.0,0.0,0.0,0.0,1,2.0,200,0,0.0,0.0,0.0,0.0,-0.4419874508785142
2025-06-11 08:50:01,1.19,29.65,100.0,0.9045,17977.52737017896,0.0,-1.0830000000023574,1.0580000000009022,0.0,0.0,0.0,0.0,2,3.0,300,0,0.0,0.0,0.0,0.0,-0.6572939155412314
2025-06-11 08:51:01,1.19,29.69,100.0,0.905,17976.718619706575,0.0,-1.1419999999998254,1.1409999999996217,0.0,0.0,0.0,0.0,1,2.0,200,0,0.0,0.0,0.0,0.0,-0.8087504723844177
2025-06-11 08:52:01,1.19,29.89,100.0,0.905,17975.79515864655,0.0,-1.1669999999976426,1.153999999998632,0.0,0.0,0.0,0.0,3,4.0,400,0,0.0,0.0,0.0,0.0,-0.9234610600251472
2025-06-11 08:55:01,1.19,30.03,100.0,0.9044,17972.7721577153,0.0,-1.0139999999992142,1.0060000000012224,0.0,0.0,0.0,0.0,3,4.0,400,0,0.0,0.0,0.0,0.0,-3.0230009312508628
2025-06-11 08:56:01,1.19,31.41,100.0,0.9063,17971.73466756148,0.0,-1.055000000000291,1.0420000000012806,0.0,0.0,0.0,0.0,1,2.0,200,0,0.0,0.0,0.0,0.0,-1.0374901538198174
2025-06-11 08:57:01,1.19,32.25,100.0,0.9087,17970.688661756027,0.0,-1.069999999999709,1.0339999999996508,0.0,0.0,0.0,0.0,2,3.0,300,0,0.0,0.0,0.0,0.0,-1.046005805452296
2025-06-11 09:01:01,1.19,32.01,100.0,0.9185,17966.449784831,0.0,-1.2309999999997672,1.227999999999156,0.0,0.0,0.0,0.0,0,1.0,100,0,0.0,0.0,0.0,0.0,-4.238876925028308
2025-06-11 09:03:01,1.19,31.96,100.0,0.9221,17964.263355527364,0.0,-1.194999999999709,1.1599999999998545,0.0,0.0,0.0,0.0,3,4.0,400,0,0.0,0.0,0.0,0.0,-2.1864293036342133
2025-06-11 09:04:01,1.2,32.09,100.0,0.9223,17963.141337171208,0.0,-1.1450000000004366,1.1190000000024156,0.0,0.0,0.0,0.0,1,2.0,200,0,0.0,0.0,0.0,0.0,-1.1220183561563315
2025-06-11 09:05:01,1.2,32.4,100.0,0.9223,17962.012994304692,0.0,-1.1379999999990105,1.0900000000001455,0.0,0.0,0.0,0.0,0,1.0,100,0,0.0,0.0,0.0,0.0,-1.1283428665155952
2025-06-11 09:06:01,1.2,32.44,100.0,0.9221,17960.87382263372,0.0,-1.180000000000291,1.1460000000006405,0.0,0.0,0.0,0.0,3,4.0,400,0,0.0,0.0,0.0,0.0,-1.1391716709731554
2025-06-20 12:02:06,18.5,42.0,87.0,0.77,18300.12,14.8,-1.43,1.12,0.4,0.3,0.35,0.0,1,5.0,200,1,0.0,0.0,0.0,0.0,-0.93
2025-06-20 12:02:06,21.1,58.3,90.0,0.82,18210.78,17.2,-1.62,1.3,0.52,0.38,0.41,0.0,2,6.0,300,1,0.0,0.0,0.0,0.0,-1.22
